"Google Documents","理財幫手AndroMoney","20260518"
"Id","幣別","金額","分類","子分類","日期","付款(轉出)","收款(轉入)","備註","Periodic","專案","商家(公司)","uid","時間"
"6538","TWD","1500","休閒娛樂","旅行遊玩","20251101","常皮","","黑部立山團五天小費","","","","3253e016b85840febc78e303c5bcd12a","1722"
"6541","TWD","449","休閒娛樂","電玩","20251102","台新信用卡","","世紀帝國4DLC，四個文明預購","","","","5222388faca24fb78e25f2c5efeaa1c1","1851"
"6540","TWD","120","運輸交通","高鐵","20251102","台新信用卡","","桃園機場跟媽一起回家","","","","68c3a7df12dd4bc28447df96e2e917f8","1847"
"6539","TWD","34","運輸交通","捷運","20251102","愛心卡","","出國玩大眾運輸工具跟帳目清理","","","","acb606522844438da6c8b1879316775c","1847"
"6543","TWD","219","帳目整理","帳目整理","20251103","","常皮","","","","","3fae37d8c1d24e3a8e5ff24632a10d84","1947"
"6542","TWD","209","餐飲食品","午餐","20251103","台新銀行","","波奇波奇：羽你相遇系列：雞肉豆腐","","","","0d6e2429589c4ce998ab35566cd388a3","1202"
"6546","TWD","71","餐飲食品","飲料","20251104","台新信用卡","","全脂牛奶，低脂牛奶各一打79折","","","","3a5c9485462b4a20b3ea51c2ad7a8f59","1833"
"6545","TWD","62","休閒娛樂","電玩","20251104","台新信用卡","","deviant art訂閱","","","","642aa962c05a475d984795d16e3d4259","2209"
"6544","TWD","1124","帳目整理","帳目整理","20251104","","常皮","","","","","78c5aaa9b33a408081e1174e9abdc180","1757"
"6551","TWD","200","醫療保健","診所就醫","20251106","常皮","","洗牙 小城堡牙醫診所","","","","cf8bb29b76544bdaaf166222f5908d15","1229"
"6550","TWD","160","費用","帳目整理","20251106","常皮","","","","","","c653c0921a4341bc8e1e676e0bf55c3f","1640"
"6549","TWD","250","餐飲食品","午餐","20251106","常皮","","大無敵烤肉飯：烤雞菲力飯，加30元燒肉，烤牛肉","","","","2e4184c5462c4735bf4f6bdb12fba020","1235"
"6548","TWD","100634","一般收入","公司薪資","20251106","","玉山活存","","","","","9eec6da8d1db4793b6e87399cc42b41d","936"
"6547","TWD","45000","理財投資","股票","20251106","玉山活存","","","","","","931e4ae537c741d2886c4d7febfee5ae","934"
"6553","TWD","490","帳目整理","帳目整理","20251107","","常皮","","","","","9122213d588c4085980796f797216958","1609"
"6552","TWD","219","餐飲食品","午餐","20251107","常皮","","燒肉法國麵包，生春捲","","","","30b88f4c0c6848edb2f86fa0ab8c0c9d","1229"
"6555","TWD","14448","人情交際","孝養父母","20251108","玉山活存","","鰻魚190−優酪乳香蕉199−小籠包235+11月飯錢13000+出國1692（酒550+蘋果派1000）/2+雷鳥巧克力700+超市買晚餐3885元（當作補貼零食錢）=共5360日圓×0.2038，為台幣1092加機場接送1200/2，一共是1692","","","","e0c6edbd6a2641849f407f1f0ca314d2","1829"
"6554","TWD","3894","人情交際","孝養父母","20251108","台新信用卡","","請媽跟弟吃煙波莫內饗宴下午茶","","","","42dce8a710e2481294b55afd0eb5b8fc","1728"
"6557","TWD","106","餐飲食品","晚餐","20251110","台新信用卡","","蔥鹽雞肉沙拉，牛奶x2","","","","471db1eb1f9a450a83945a50bcdebf91","1947"
"6556","TWD","180","餐飲食品","午餐","20251110","常皮","","波奇波奇：自選夏威夷飯（雞肉，糙米生菜各半，鷹嘴豆，鳳梨，番茄，黃瓜，毛豆，甜椒，黎麥，南瓜子）","","","","2051f43fa54146459205b76b5b068aa6","1302"
"6561","TWD","100","帳目整理","帳目整理","20251111","","常皮","","","","","9878c8fe512448488646c3577bd6d554","1147"
"6559","TWD","335","餐飲食品","午餐","20251111","常皮","","奉餡・汁心餃子 - 新竹光復店：椒麻皮蛋麵，酸辣湯，加上周二的午餐錢","","","","babc063f96394e2eb27b269f1728ded3","1235"
"6562","TWD","170","餐飲食品","晚餐","20251112","常皮","","永吉湯包：牛肉捲餅，小黃瓜鴨掌，無糖豆漿","","","","dde6f8cfae804227b883c8ae22f440b0","1225"
"6560","TWD","10000","一般收入","其他","20251112","","台新銀行","政府普發10000","","","","c1c987f0b7ac41e0a58d2492bf88d7e9","1020"
"6563","TWD","390","餐飲食品","午餐","20251113","常皮","","三媽臭臭鍋：香茅咖哩火鍋，加豆皮韭菜牛肉片臭豆腐","","","","f4878fa665734137a42610b7dda75bc5","1221"
"6565","TWD","196","帳目整理","帳目整理","20251114","","常皮","","","","","6a34c99eaadf412d94a5a5dbbf03e0a1","1538"
"6564","TWD","180","餐飲食品","午餐","20251114","常皮","","番茄酸菜牛","","","","016a4049aac649ef91a1a85762df2baf","1538"
"6570","TWD","370","餐飲食品","晚餐","20251115","常皮","","豐原大喜鍋基本吃到飽","","","","05d7ca3e8b5e4dffa5d7b2522eae834e","919"
"6569","TWD","55","汽機車","停車費","20251115","常皮","","","","","","618d44b6b0b949118c9a83eb9e25cbf5","12"
"6568","TWD","70","人情交際","送禮請客","20251115","常皮","","請彥碩中餐部分，補貼他油錢","","","","b9a983a5185746458c4980a37bb67a74","1225"
"6567","TWD","130","餐飲食品","午餐","20251115","常皮","","吉祥肉圓：肉圓，綜合煎","","","","8fe1f028570e45789712902330c84424","1219"
"6566","TWD","52","餐飲食品","早餐","20251115","台新信用卡","","牛奶豆漿x2","","","7-Eleven","a94d917d353749b2a4c7cb53fe466ead","642"
"6558","TWD","118","運輸交通","台鐵","20251115","台新信用卡","","11/16去台中找大叔玩","","","","afd5a4de16df4ad2bec324f798c194b5","2130"
"6572","TWD","185","餐飲食品","午餐","20251117","常皮","","波奇波奇：自選夏威夷飯（雞肉，糙米生菜各半，鷹嘴豆，鳳梨，番茄，黃瓜，毛豆，甜椒，黎麥，南瓜子，花生碎）","","","","481bd4ac83334b54960f195000f54a66","855"
"6571","TWD","195","餐飲食品","午餐","20251118","常皮","","來來越式料理：海鮮河粉","","","","6c06769b4706491b8b70e2e0d877de71","1417"
"6576","TWD","1582","投資收入","定存","20251119","","玉山定存","","","","","c3f21092dd124880af46a4da3c2c416d","901"
"6575","TWD","853","投資收入","定存","20251119","","台新定存","","","","","0e3960de121245008ec362d3e118beb3","859"
"6574","TWD","7","費用","錯誤","20251119","台新信用卡","","","","","","2f4329f4946943fcb22531f73f0041e1","857"
"6573","TWD","97","帳目整理","帳目整理","20251119","","常皮","","","","","27e9ba52a009434e849b4d94004d3c1c","855"
"6580","TWD","240","帳目整理","帳目整理","20251120","","常皮","","","","","31f80e92ab7542cf8799a77ee07a7a3d","1226"
"6579","TWD","370","餐飲食品","午餐","20251120","常皮","","黃悶雞米飯：黃悶魷魚加豆皮豬肉","","","","dd110fbd2392448695982431d21c6a13","1225"
"6578","TWD","1856","理財投資","保險","20251120","玉山信用卡","","南山1／2終生意外險加實支實付醫療險12期","5|20250820|20260420|null|2|1","","","77b3a54b6652467eac19070edcda38f9_20251120",""
"6577","TWD","1856","轉帳","一般轉帳","20251120","玉山活存","玉山信用卡","","6|20250820|20260420|null|2|1","","","96291ed6d53345cd8a254ce3a2b07f5f_20251120",""
"6583","TWD","570","餐飲食品","晚餐","20251121","台新信用卡","","藏壽司","","","","a80946740a0842eb96fa34f872330d09","2107"
"6582","TWD","200","餐飲食品","午餐","20251121","常皮","","粥大福：海鮮粥","","","","a55f78a69f5d45bb9367da1a321d1f6b","2107"
"6581","TWD","1099","居家生活","網路費","20251121","台新銀行","","500G寬頻","7|20250121|20260421|null|2|1","","","abef87863d194a2e9ea3f1643b5f4b15_20251121",""
"6590","TWD","4000","轉帳","一般轉帳","20251122","台新銀行","常皮","","","","","ea2822d2e7e84a4f9cc7a9c72a795cc9","1850"
"6589","TWD","8","運輸交通","捷運","20251122","愛心卡","","台北到雙連","","","","faf14d97dcaa46f384c46669f4464c18","1805"
"6588","TWD","130","餐飲食品","飲料","20251122","常皮","","阿洋義式冰淇淋：開心果跟蜂蜜核桃優格","","","","e01a14fd5aed4dafb048e5e5cef06934","1306"
"6585","TWD","350","餐飲食品","午餐","20251122","常皮","","雙連太春小館：炸蝦飯，魚蛋沙拉","","","","4b4ccaabfd5a42b28caedb7c096642d7","1154"
"6584","TWD","280","運輸交通","高鐵","20251122","台新信用卡","","","","","","0a3674c371b644d5a6d41a487ae7200c","910"
"6595","TWD","48","餐飲食品","飲料","20251123","台新信用卡","","低脂牛奶打7折，運動飲料600cc","","","","5ab7d595a68745cabf6fbc788b325e93","2039"
"6594","TWD","60","運輸交通","台鐵","20251123","愛心卡","","大里到南港","","","","c7af5d3110bc4777a9bb72609647e42a","2037"
"6593","TWD","160","運輸交通","高鐵","20251123","台新信用卡","","南港到新竹","","","","119d576a885f4b9a92f3103658b2b7e3","2037"
"6592","TWD","90","餐飲食品","午餐","20251123","常皮","","宜隆福隆便當：招牌便當","","","","f7313bd90b3648f680884d5899f270af","2036"
"6591","TWD","998","3C通訊","電話費","20251123","台新信用卡","","","8|20250523|20260323|null|2|2","","","49f6368abfd84c2493cb87d0d0d55567_20251123",""
"6587","TWD","208","運輸交通","台鐵","20251123","台新信用卡","","新竹到福隆","","","","9cfcb098b50c4fe3938cb5a6cf5a0236","1159"
"6586","TWD","60","運輸交通","公車","20251123","台新信用卡","","草嶺古道芒花季接駁車","","","","6fb1988585f64b5093442cb8649106a1","1158"
"6597","TWD","3403","轉帳","一般轉帳","20251124","台新銀行","台新信用卡","","","","","a0f121b57a4b4abaa82e9fb8473636d0","1759"
"6596","TWD","180","餐飲食品","午餐","20251124","常皮","","波奇波奇：自選夏威夷飯（雞肉，糙米生菜各半，鷹嘴豆，鳳梨，番茄，黃瓜，毛豆，甜椒，黎麥，南瓜子）","","","","63440a70541d433d843e1df1c094a970","1243"
"6600","TWD","105","餐飲食品","晚餐","20251125","台新信用卡","","田園沙拉加兩瓶牛奶","","","","da8bf0ef75944e109f36690cd1bb330a","2105"
"6599","TWD","145","餐飲食品","午餐","20251125","常皮","","奮起湖便當：經典雙主菜（炸雞腿與滷排骨","","","","8b5c7a601d7d4c52b55f2171caed0fba","1256"
"6598","TWD","640","居家生活","居家雜物","20251125","台新信用卡","","金鳥防蚊貼片150天x2","","","","7eca0444ce3a48139e894006c30cb6b3","706"
"6601","TWD","450","服飾美容","剪髮理容","20251126","常皮","","剪加洗","","","東南理髮店","342daec856854df693490ea952fcfe83","1910"
"6602","TWD","160","餐飲食品","午餐","20251127","常皮","","大無敵烤肉飯：烤雞菲力飯，加30元燒肉","","","","a383b1d6020e48498865a369aff459b4","2107"
"6604","TWD","194","帳目整理","帳目整理","20251128","","常皮","","","","","aeefeff51d10416d800c506a796e1ba3","1311"
"6603","TWD","410","餐飲食品","午餐","20251128","常皮","","黃悶雞米飯：干鍋魷魚加豆皮牛肉","","","","2194efad265244e2ac12711df9abb32a","1309"
"6605","TWD","255","費用","代墊","20251129","常皮","","14小籠包，2蛋餅3豆漿","","","","c724a1146f6f4d6c8084842733f89f34","1806"
"6607","TWD","200","帳目整理","帳目整理","20251201","","常皮","","","","","33af650bb8ab4ee3acb6f9cfe530279b","1330"
"6606","TWD","180","餐飲食品","午餐","20251201","常皮","","波奇波奇：自選夏威夷飯（雞肉，糙米生菜各半，鷹嘴豆，鳳梨，番茄，黃瓜，毛豆，甜椒，黎麥，南瓜子）","","","","07ae0e3f0fa740d989a1246ee895666b","1329"
"6612","TWD","400","汽機車","維修保養","20251202","常皮","","1000公里換機油(7185","","","","d8c79e736d114363a0df746c50ba2774","1928"
"6608","TWD","145","餐飲食品","午餐","20251202","常皮","","東家便當，椒麻雞（好小塊）","","","","d2e9280cd57347e9837acead9f49c1e4","1308"
"6611","TWD","73","費用","代墊","20251203","台新信用卡","","幫弟買明日方舟合作的飲料三瓶","","","","1cf2e554c605419b9d905c18bede903c","1927"
"6610","TWD","55","餐飲食品","飲料","20251203","台新信用卡","","AB無加糖優酪乳PE930ml","","","","17c7451465254273b5f4af99a27110a2","1927"
"6609","TWD","178","餐飲食品","午餐","20251203","台新信用卡","","嫩烤香料雞胸排蔬滿盒，ab無糖優酪乳","","","","4dbffe3bf78b43288016164cf4ba26c0","1339"
"6621","TWD","195","餐飲食品","午餐","20251204","常皮","","來來越式料理：海鮮河粉","","","","b09f03672c9c45e2b99c85c36d810e7f","1403"
"6619","TWD","200","帳目整理","帳目整理","20251204","","常皮","","","","","334cd2b0f54f4b9283642ff23e82c16a","2213"
"6618","TWD","1348","代墊","代墊","20251204","","常皮","","","","","d06e1ab6d5514f4d82bf19b52f37d0f4","2111"
"6617","TWD","64","休閒娛樂","電玩","20251204","台新信用卡","","deviant art訂閱","","","","70c0285cf15044c4953d4b92d65650da","2209"
"6616","TWD","213","汽機車","油錢","20251204","台新信用卡","","","","","","3a626d17c8e84850b541fdecc0055fd6","2109"
"6615","TWD","1018","人情交際","和弟吃飯","20251204","台新信用卡","","品項 數量 金額 \n □ 和風洋蔥魚肝沙拉 (1-2人份) 1 $220 \n □ 胡麻海鮮沙拉 (1-2人份) 1 $240 \n □ 海膽軍艦壽司 (二貫) 1 $380 \n □ 火山豚燒肉丼 (溫泉蛋使用) 1 $270 \n □ 綜合握壽司 (五貫) 1 $290 \n □ 鹽烤黃鰭鯛 1 $290 \n □ 魚鮮特製咖哩豬排定食 (平日限定) \n (咖哩微辛口) 1 $350 \n ​內用服務費 10%：$204 \n ​小計：$2244 \n ​總計：$2244","","","","eab346975ddf4a15b71686fdce6abc3c","2006"
"6614","TWD","49","餐飲食品","飲料","20251204","台新信用卡","","全家冰淇淋（開心果不好吃","","","","e8cdee137af14f16b5806534f12bb1f8","2005"
"6613","TWD","1275","費用","代墊","20251204","台新信用卡","","跟弟一起吃飯（魚鮮會社","","","","0af61c06b6094681adbfbc5068122e81","2004"
"6624","TWD","16166","人情交際","孝養父母","20251205","玉山活存","","13000+180+352+126−800−32−255−42+520+3117（鞋子）=16166","","","","c64ec64d056f46adb3d9a134041f4a87","2111"
"6623","TWD","50","帳目整理","帳目整理","20251205","","常皮","","","","","de758652086f4628901b7024d81b501e","1553"
"6622","TWD","145","餐飲食品","午餐","20251205","常皮","","老虎麵大","","","","cbd777fc55644f16827a912c21a912b7","1404"
"6620","TWD","84734","一般收入","公司薪資","20251205","","玉山活存","","","","","1d658e017ec949cdb186b5bae1ed4b1f","1247"
"6629","TWD","165","費用","代墊","20251206","常皮","","10小籠包，1蛋餅2豆漿","","","","417de7e693c1414f871b15b66b1bdf92","1842"
"6626","TWD","250","汽機車","油錢","20251206","常皮","","贊助媽油錢跟50元過路費","","","","f923deae2b0c44acb7f753b168cd1220","1835"
"6625","TWD","370","餐飲食品","午餐","20251206","常皮","","江技舊記請媽吃飯，抵一部分出礦坑蜂蜜拿鐵（180元） \n 品項 規格/備註 單價 數量 小計 \n 熱狗 (3條) - $40 1 $40 \n 肉圓 (單顆) (補上此項) $40 1 $40 \n 餛飩 (8顆) 湯 $50 1 $50 \n 水晶餃 (5顆) 湯 $50 1 $50 \n 三合一 乾 (餛飩+麵+米粉) $70 1 $70 \n 主食小計     5項 $250 \n 品項 單價 數量 小計 \n 涼拌黃瓜 $40 1 $40 \n 煙燻豆皮 $40 1 $40 \n 涼拌海帶絲 $40 1 $40 \n 小菜小計   3項 $120","","","","7a62e83bc1b643b08683c21c9002ecf2","1502"
"6628","TWD","70","餐飲食品","飲料","20251207","常皮","","跟弟分大潤發山竹果汁","","","","219fbb069f544688a4d11b8e69daf73c","1840"
"6627","TWD","450","餐飲食品","晚餐","20251207","常皮","","噴火美式炭烤牛排：450元老饕板腱牛排","","","","c053c4f8e335406ea39305384e13c958","1838"
"6631","TWD","84","帳目整理","帳目整理","20251208","","常皮","","","","","01f84ba45be34818a177cda22fb71774","1317"
"6630","TWD","190","餐飲食品","午餐","20251208","常皮","","波奇波奇：自選夏威夷飯（雞肉，糙米生菜各半，鷹嘴豆，鳳梨，番茄，黃瓜，毛豆，甜椒，黎麥，紫高麗菜，南瓜子）","","","","e4a6c46ad71c4153a87770e1b9d45ea9","1251"
"6634","TWD","110","餐飲食品","午餐","20251209","常皮","","奮起湖便當：紅燒肉便當","","","","cf98a5b0881543ceb583513423a172a5","1207"
"6633","TWD","320","帳目整理","帳目整理","20251209","","常皮","","","","","4704d742451b4fc8be1d96ba982691d7","1207"
"6632","TWD","50000","理財投資","股票","20251209","玉山活存","","006208+VOO國泰定期定額40000，先轉預備金","","","","162d4c23224447df908c1ad8d2a10af9","1153"
"6637","TWD","2415","人情交際","和弟吃飯","20251210","台新信用卡","","巨城壽司郎，跟弟一起吃飯","","","","9fb3793400144ceb986fce161662a0e4","2014"
"6636","TWD","1185","一般收入","收取還款","20251210","","常皮","","","","","b9c763d7419142df9fbcf47e0bc48e91","2012"
"6635","TWD","42","帳目整理","帳目整理","20251210","","常皮","","","","","85e84c2e313a4bd78567da2c8531dea6","1610"
"6638","TWD","125","餐飲食品","午餐","20251211","常皮","","來來越式料理：生春捲","","","","462b0a363145411993c3e8e75564b5b7","1328"
"6639","TWD","155","餐飲食品","午餐","20251212","常皮","","饗：豬肉咖哩飯","","","","decb22823dcb4665b5a20d2b653c01a6","1241"
"6640","TWD","185","費用","代墊","20251213","常皮","","12小籠包，1蛋餅2豆漿","","","","2349a160096447eeb841583128d49ebc","1655"
"6642","TWD","120","餐飲食品","午餐","20251214","常皮","","九份紅槽肉圓，抵媽前面先出的芋圓錢","","","","5e50c03d3c794bc6b2981073a7c9d44e","1107"
"6643","TWD","195","餐飲食品","午餐","20251215","常皮","","來來越式料理：牛肉河粉","","","","c3bfc192c4dd4968a1ebc21f9a9d5e00","1236"
"6641","TWD","1450","投資收入","定存","20251215","","台新定存","","","","","f38dd9aa6898456190f6e50650f9ee53","1058"
"6644","TWD","219","餐飲食品","午餐","20251216","常皮","","牛丼家：秋葵牛丼，肉大碗，可樂餅","","","","f1158ffa5ac242a5814b46b6ad391c9c","1236"
"6647","TWD","180","餐飲食品","晚餐","20251217","常皮","","吳家甜不辣：甜不辣大，綜合麵線大加皮蛋","","","","f091be528d1044049161d748cf7cc500","1723"
"6646","TWD","178","餐飲食品","午餐","20251217","台新信用卡","","嫩烤香料雞胸排蔬滿盒，ab無糖優酪乳","","","","404aa572611a40a6afb5f701c384f8ed","1551"
"6645","TWD","1546","3C通訊","相機","20251217","台新信用卡","","SanDisk Extreme PRO SDXC UHS-II 記憶卡 128GB SD卡","","","","77ec989a8de8469091c89320d29560f2","1049"
"6648","TWD","170","餐飲食品","午餐","20251218","常皮","","大無敵烤肉飯：烤牛肉飯，加30元燒肉","","","","52815cecdc3e48ba94e07c145cd377f8","811"
"6649","TWD","180","餐飲食品","午餐","20251219","常皮","","南門壹食：人氣套餐（椒麻拌麵、蝦仁紅油抄手）","","","","ec7ec2aa0ee649c68e88e1a1382709c8","1555"
"6652","TWD","360","餐飲食品","午餐","20251220","台新信用卡","","野餐 Bask & Basket（漫畫博物館）蒜苗鹹豬肉披薩，熱抹茶牛奶","","","","573f37742fae4e8f8bf62a9b495aede9","2113"
"6651","TWD","1856","理財投資","保險","20251220","玉山信用卡","","南山1／2終生意外險加實支實付醫療險12期","5|20250820|20260420|null|2|1","","","77b3a54b6652467eac19070edcda38f9_20251220",""
"6650","TWD","1856","轉帳","一般轉帳","20251220","玉山活存","玉山信用卡","","6|20250820|20260420|null|2|1","","","96291ed6d53345cd8a254ce3a2b07f5f_20251220",""
"6654","TWD","209","投資收入","定存","20251221","","玉山活存","","","","","9fa3098307244c29bc3e93f6eb4e2b11","1637"
"6653","TWD","1099","居家生活","網路費","20251221","台新銀行","","500G寬頻","7|20250121|20260421|null|2|1","","","abef87863d194a2e9ea3f1643b5f4b15_20251221",""
"6660","TWD","1200","費用","代墊","20251222","常皮","","幫弟送筆電去清潔保養","","","","0ec2cdebbcaf44dfad324524911295b8","1522"
"6659","TWD","150","帳目整理","帳目整理","20251222","","常皮","","","","","03d361edb3c143afb5ec91db7b138eef","1522"
"6656","TWD","7488","轉帳","一般轉帳","20251222","台新銀行","台新信用卡","","","","","e2dc652d0da54d0381b33c56d2939e3c","1654"
"6655","TWD","190","餐飲食品","午餐","20251222","常皮","","波奇波奇：自選夏威夷飯（雞肉，糙米生菜各半，鷹嘴豆，鳳梨，番茄，黃瓜，毛豆，甜椒，黎麥，紫高麗菜，南瓜子）","","","","a32c83215c714821be1b38f88066c2f8","1328"
"6657","TWD","175","餐飲食品","午餐","20251223","常皮","","明爐燒臘：招牌飯","","","","38b06d57d8c24dc9acf288d04f6205ec","1438"
"6661","TWD","126","帳目整理","帳目整理","20251224","","常皮","","","","","cb3634f064584159b748280a59c1c5d1","1716"
"6658","TWD","346","餐飲食品","午餐","20251224","台新信用卡","","川牛木石亭極盛厚切牛排丼飯、旬野時蔬+溫泉蛋","","","","12b7bf9f68db45e998a31e18cc091dd2","1244"
"6663","TWD","450","帳目整理","帳目整理","20251226","","常皮","","","","","4c4fa5d18de24d7193a1692cbee7a125","1801"
"6662","TWD","200","餐飲食品","午餐","20251226","常皮","","三媽臭臭鍋：咖哩鍋","","","","b556eb3efa0c4952b040e47f68812f03","1219"
"6668","TWD","97","餐飲食品","飲料","20251228","台新信用卡","","打折牛奶跟豆漿，幫媽弟買優酪乳","","","","e61e28e4562c415a8431e1af31781d34","2248"
"6667","TWD","320","餐飲食品","晚餐","20251228","常皮","","貳壹村精緻麵點：紅燒牛筋牛肉麵，滷味（豬耳朵，豆干，豆皮等）","","","","dd66db260d6f4a3086860e2d740ae66c","2022"
"6666","TWD","115","餐飲食品","午餐","20251228","常皮","","鳳麟飯麵食館：羊肉炒飯","","","","6046a19702ea49ea9cbfbc795afc1768","2021"
"6665","TWD","14921","人情交際","孝養父母","20251228","玉山活存","","13000一月飯錢−165小籠包12/6+220虱目魚米粉−185小籠包12/13+100阿蘭草仔粿+240開心果巧克力+1760跟媽弟吃開飯−49優酪乳","","","","b8b5e32255d9483ea005cf01ff1c82ba","2020"
"6664","TWD","85","投資收入","定存","20251228","","台新銀行","","","","","d8466f6abc294d8a814ee05852d83e02","2018"
"6670","TWD","200","帳目整理","帳目整理","20251229","","常皮","","","","","1743b03e1bf94e3da7a3b1bc01991b8c","1319"
"6669","TWD","190","餐飲食品","午餐","20251229","常皮","","波奇波奇：自選夏威夷飯（雞肉，糙米生菜各半，鷹嘴豆，鳳梨，番茄，黃瓜，毛豆，甜椒，黎麥，紫高麗菜，南瓜子）","","","","e8dab84787b0453283e6624e5bebf79d","1239"
"6678","TWD","20","帳目整理","帳目整理","20251230","","常皮","","","","","98c77f0e5c544b1b80970ebe741a192a","2327"
"6672","TWD","430","餐飲食品","晚餐","20251230","常皮","","大海拉麵：田中w叉燒拉麵，蔬菜加量，炸牡蠣","","","","d1efdaf9e41d493b8d127882b4a3e1d2","1914"
"6671","TWD","105","餐飲食品","午餐","20251230","常皮","","升一排骨：燒肉飯","","","","dd84d873892d4bc9bd4cd157ddeab067","1227"
"6676","TWD","599","費用","代墊","20251231","台新信用卡","","幫弟買打光繪畫書","","","","9caf7ec705554475add4bee5575c7c53","2323"
"6675","TWD","726","餐飲食品","晚餐","20251231","台新信用卡","","皿富器食 \n 北海道牛五花湯咖哩 $420 \n 元氣炸蝦 $40 \n 單點 黑唐揚炸雞 $200 \n (附餐: 砂鍋白菜/十穀米) $0 \n ------------------ \n 小計：$660 \n 服務費(10%)：$66 \n 總計：$726","","","","5825870738184324a218eeddbf9ea369","1746"
"6674","TWD","830","餐飲食品","點心零嘴","20251231","常皮","","一百種味道三民店： \n 季節限定雙莓乳酪塔 $210 \n 有機桑椹乳酪塔 $160 \n 焦糖鹽花拿鐵(熱) $160 \n 香草可麗露 $90 \n ------------------ \n 總計：$620 \n  \n 再幫弟外帶： \n 季節限定雙莓乳酪塔 $210 \n 一共830","","","","4cee81e38ef24f49a93484246ef27760","1426"
"6673","TWD","70","餐飲食品","午餐","20251231","常皮","","餅留香千層餅：起司蔥花大餅","","","","58c24209d8824e858f698bc6fb5d5695","1422"
"6677","TWD","809","一般收入","收取還款","20260101","","常皮","弟還昨天甜派跟書的錢","","","","7569a6c1e8084772a4b9aa3012057981","2323"
"6681","TWD","200","帳目整理","帳目整理","20260102","","常皮","","","","","962f82700d924bfcad797cc166bae9f9","1940"
"6680","TWD","130","餐飲食品","午餐","20260102","常皮","","皇城燒臘便當：招牌飯","","","","13a0ebbf807642e1a90cee6aad937e63","1256"
"6679","TWD","1","一般收入","錯誤","20260102","","常皮","","","","","2d580eb06f0e42c0b24cfe9115d42dfd","1229"
"6685","TWD","64","休閒娛樂","電玩","20260104","台新信用卡","","deviant art訂閱","","","","547a2de7a2f94667953e217932b4ffda","2209"
"6682","TWD","311","居家生活","居家雜物","20260104","台新信用卡","","【山道具屋】 \n CNC 鋁合金輕量防水打火棒/鎂棒可替換/EDC求生打火石 \n PE 空氣泡棉自黏皮膚防磨膠帶/預防水泡/保護肌膚/登山防磨腳(一捲5M) \n OD Emergency Blanket 雙面加厚緊急防水求生軍毯 \n POM 快速鞋帶固定調節扣 \n SOS Alloy Whistle 鋁合金求生爆音哨×2","","","","f889187db2b8491585be9428fe06eace","2153"
"6684","TWD","94084","一般收入","公司薪資","20260105","","玉山活存","","","","","416fba33ed15457f92952d19afbeb401","930"
"6683","TWD","205","餐飲食品","午餐","20260105","常皮","","波奇波奇：自選夏威夷飯（雞肉，豆腐，糙米生菜各半，鳳梨，番茄，黃瓜，毛豆，甜椒，黎麥，紫高麗菜，南瓜子）","","","","beba1d47a44e4509a5565a7dc928fcf7","856"
"6688","TWD","55","餐飲食品","點心零嘴","20260106","台新信用卡","","烤地瓜","","","","f1c8fb4ed4e84bfdbc692db0f6385dfa","2043"
"6687","TWD","43","餐飲食品","飲料","20260106","台新信用卡","","牛奶230，290ml各一打79折，小的給弟弟喝","","","","ffc40f4ecc724378aaf0b370c9fbf280","2041"
"6686","TWD","251","餐飲食品","午餐","20260106","常皮","","東區稻香蛋炒飯長春店：什錦蛋炒飯，炒空心菜","","","","3b223bdd4330478b87ad7bbda22818e0","1222"
"6689","TWD","270","餐飲食品","午餐","20260107","常皮","","波奇波奇：自選夏威夷飯（鮭魚，辣鮪魚泥，豆腐，糙米生菜各半，鳳梨，番茄，黃瓜，毛豆，甜椒，黎麥，紫高麗菜，南瓜子）","","","","ba2b264c563947bf8cca5b5a82b0f67b","1306"
"6690","TWD","354","餐飲食品","午餐","20260108","常皮","","來來越式料理：海鮮河粉，法國麵包","","","","3d3b3d6a9367469d88bbd11056e63e12","1144"
"6698","TWD","1098","餐飲食品","晚餐","20260109","台新銀行","","跟弟去吃新馬辣998吃到飽","","","","1dc9f447c585421ab833de3ccdb4b751","1443"
"6691","TWD","250","餐飲食品","午餐","20260109","常皮","","大無敵烤肉飯：烤雞菲力飯，加30元燒肉，烤牛肉","","","","57cc5a8f56994b6fbac6b3be74a21580","1216"
"6694","TWD","250","人情交際","孝養父母","20260110","台新信用卡","","舊頂街派出所：杏仁海苔米香","","","","c68c25b1ec984b4bb05c4c590cb2c815","1734"
"6693","TWD","325","餐飲食品","午餐","20260110","台新銀行","","億品鍋豐原店：蛤蜊爆爆鍋，換成蔬菜，羊肉","","","","f7e737a3c13247e8a4c65dc5f2efe5e0","1733"
"6692","TWD","50","餐飲食品","點心零嘴","20260110","常皮","","豐原廟東阿銘伯花生捲冰淇淋：花生捲冰淇淋中","","","","bbfc5e9d883444e7b27adb7814449c97","1732"
"6699","TWD","120","代墊","代墊","20260111","","常皮","之前幫爸加機車油","","","","8cbeb1ef9b684337abae55ade9d6cbb4","1308"
"6697","TWD","427","投資收入","定存","20260111","","玉山定存","","","","","e777fc49297b405a8790943daa6a0375","1439"
"6696","TWD","85","餐飲食品","飲料","20260111","台新信用卡","","老宅豆花：紅豆燒仙草加十元運費","","","","0711bd8d1086408fb1f3fac57487c303","1434"
"6695","TWD","50000","理財投資","股票","20260111","玉山活存","","006208+VOO國泰定期定額40000，先轉預備金","","","","cfd0ffdb36734053a33835be2cbb175e","1433"
"6705","TWD","46","餐飲食品","飲料","20260112","台新信用卡","","瑞穗鮮乳-低溫殺菌鮮乳，低脂牛奶（分弟喝","","","","602993f0b0ae45d9aea1588ed4a762ab","1904"
"6704","TWD","1000","3C通訊","手機","20260112","常皮","","更換小米9電池（感謝國中同學減300","","","","d853cd75a56344e48bb4b1827b69b74a","1902"
"6703","TWD","2000","轉帳","一般轉帳","20260112","台新銀行","常皮","","","","","acd5091e64f24115963f6e4db9ae6942","1901"
"6702","TWD","190","帳目整理","帳目整理","20260112","","常皮","","","","","2acd176c3dce40c8a9b1e14696f62409","1657"
"6701","TWD","505","休閒娛樂","旅行遊玩","20260112","台新信用卡","","觀霧山莊3/14-15背包客房訂金","","","","74a1bbda90874abb9b721fe5c7189f42","1557"
"6700","TWD","205","餐飲食品","午餐","20260112","常皮","","波奇波奇：自選夏威夷飯（雞肉，豆腐，糙米生菜各半，鳳梨，番茄，黃瓜，毛豆，甜椒，黎麥，紫高麗菜，南瓜子）","","","","d7aa67dc811d4d899845bbf00d0bb486","1309"
"6712","TWD","220","帳目整理","帳目整理","20260113","","常皮","","","","","7226c1f1aeda42b2a963f987f2b03bd6","1937"
"6711","TWD","150","餐飲食品","晚餐","20260113","常皮","","期食語：炸豆皮餐盒加菜","","","","06cc5f69a5dd452cb6ae9f0cc9c25a98","1936"
"6710","TWD","74","餐飲食品","飲料","20260113","台新信用卡","","低脂牛奶400，290，230各一（分弟喝","","","","57de51230f1845628e0ff25c0e550476","1920"
"6709","TWD","170","餐飲食品","午餐","20260113","常皮","","完顏南洋料理：叻沙麵，加雞肉","","","","3931d6c8d4d84ae58804019c8c351f66","1215"
"6708","TWD","1335","一般收入","其他","20260113","","台新信用卡","點數回饋抵帳單","","","","05ccf845da394fa6825d31549ffcd03c","851"
"6707","TWD","1109","投資收入","定存","20260113","","台新定存","","","","","0410e4ecf33047f6af5e420a9a891ff4","851"
"6706","TWD","1600","投資收入","其他","20260113","","常皮","心純給雙11節幫忙處理庫存獎金，現在才算入帳戶","","","","f82bdc2b746747bbb21fc29e9b049851","810"
"6715","TWD","450","服飾美容","剪髮理容","20260114","常皮","","剪加洗","","","東南理髮店","bfbdd8df7eb94635a50fdc4787c0d572","1317"
"6718","TWD","62","餐飲食品","飲料","20260115","台新信用卡","","低脂牛奶290（分弟喝，230兩瓶","","","","6ae1bd129c934f33ae7808b21d851d86","1854"
"6717","TWD","193","汽機車","油錢","20260115","台新信用卡","","","","","","d1e501319a07440282c1726d5b941b42","1814"
"6716","TWD","445","餐飲食品","晚餐","20260115","常皮","","滷牛肋丼飯，黃金泡菜，炸蝦天婦羅","","","樂客（新竹鐵道路","b2f6100998834c5b9e3554f0b8466f68","1813"
"6714","TWD","240","帳目整理","帳目整理","20260115","","常皮","","","","","f00c4efb044b4d9bb74a6c2125a89f8b","1317"
"6713","TWD","390","餐飲食品","午餐","20260115","常皮","","黃悶雞米飯：黃悶牛三寶加豆皮金針菇","","","","e63c7fb14e79421a95545df0af7ff2cf","1219"
"6722","TWD","80000","轉帳","一般轉帳","20260116","玉山活存","玉山定存","","","","","4163cd92b8924a60bf95ce372483e73e","1429"
"6721","TWD","3250","3C通訊","電腦商品","20260116","台新信用卡","","gemini 12月打58折，因為學生版帳號只有到9月中","","","","04a89654cc58430880a38e42de6df5aa","1344"
"6720","TWD","240","帳目整理","帳目整理","20260116","","常皮","","","","","f5e55ee2432a4c33a69e89505860dacb","1343"
"6719","TWD","135","餐飲食品","午餐","20260116","常皮","","鴨肉麵，炒空心菜","","","","9c9e830f14c24051ba23d2f913ea6016","1341"
"6725","TWD","205","餐飲食品","午餐","20260119","常皮","","波奇波奇：自選夏威夷飯（雞肉，豆腐，糙米生菜各半，鳳梨，番茄，黃瓜，毛豆，甜椒，黎麥，紫高麗菜，南瓜子）","","","","50d9b64ce9544a7795b85e00bf628f6d","906"
"6726","TWD","260","餐飲食品","午餐","20260120","常皮","","蛋包飯大，台式泡菜","","","","6dedaf8103db45729e4f88809d1038e2","1231"
"6724","TWD","1856","理財投資","保險","20260120","玉山信用卡","","南山1／2終生意外險加實支實付醫療險12期","5|20250820|20260420|null|2|1","","","77b3a54b6652467eac19070edcda38f9_20260120",""
"6723","TWD","1856","轉帳","一般轉帳","20260120","玉山活存","玉山信用卡","","6|20250820|20260420|null|2|1","","","96291ed6d53345cd8a254ce3a2b07f5f_20260120",""
"6730","TWD","1040","汽機車","保險與稅捐","20260121","玉山活存","","機車強制險兩年份","","","","cb0a3b9771294fd1802a0ecb4b5e08d4","2159"
"6729","TWD","14001","人情交際","孝養父母","20260121","玉山活存","","13000二月飯錢+184番茄雞肉麵+38炸白魚+鰻魚190+1／8台積股息150+巧克力439","","","","4061f8566e2b45c7ba942c123227998f","2157"
"6728","TWD","234","帳目整理","帳目整理","20260121","","常皮","","","","","5d29cda85456496b9106b81d4310a1ad","1743"
"6727","TWD","1099","居家生活","網路費","20260121","台新銀行","","500G寬頻","7|20250121|20260421|null|2|1","","","abef87863d194a2e9ea3f1643b5f4b15_20260121",""
"6732","TWD","8054","轉帳","一般轉帳","20260122","台新銀行","台新信用卡","","","","","97339685242548baba8f280df0454bdc","1654"
"6731","TWD","325","餐飲食品","午餐","20260122","常皮","","馬來老爹：三峇牛肉炒粿條，肉骨茶湯","","","","169a746ec17e4f65b4ed044666e46248","1230"
"6736","TWD","650","餐飲食品","晚餐","20260123","台新信用卡","","好市多壽司郎","","","","47d85419545441e888df75d5c9b5da21","2145"
"6735","TWD","281","帳目整理","帳目整理","20260123","","常皮","","","","","b370e6c6166a4293bf5fbc69c6814ffb","1337"
"6734","TWD","140","餐飲食品","午餐","20260123","常皮","","燒肉法國麵包","","","","e5e6f757e4834dfd9e07e3288d9c67dd","1337"
"6733","TWD","998","3C通訊","電話費","20260123","台新信用卡","","","8|20250523|20260323|null|2|2","","","49f6368abfd84c2493cb87d0d0d55567_20260123",""
"6739","TWD","140","費用","代墊","20260124","台新信用卡","","威士忌（搭巧克力做醬汁","","","","fcb144e9d3b6498ba3b03e4781c3326a","1803"
"6738","TWD","50","餐飲食品","飲料","20260124","台新信用卡","","AB無加糖優酪乳PE930ml7折（分大家","","","","155fe315d92148f2aedd95587c6b2388","1802"
"6737","TWD","295","費用","代墊","20260124","常皮","","18小籠包，2蛋餅3豆漿","","","","8dc32035d1ab4f0ab5008eab5e51b788","1802"
"6742","TWD","84","費用","帳目整理","20260126","常皮","","","","","","4264809a2b014598afba816635592ce0","1611"
"6741","TWD","200","居家生活","居家雜物","20260126","常皮","","寶齡抗屑洗髮精","","","","000f9e556de64e8d95a8ab84aa3bc773","1610"
"6740","TWD","205","餐飲食品","午餐","20260126","常皮","","波奇波奇：自選夏威夷飯（雞肉，豆腐，糙米生菜各半，鳳梨，番茄，黃瓜，毛豆，甜椒，黎麥，紫高麗菜，南瓜子）","","","","3b1d6f651cd547cd8f621c5923e0449a","1610"
"6743","TWD","147","餐飲食品","午餐","20260127","常皮","","升一排骨建功店：椒麻雞飯","","","","3a3abffe16084076ba0abf16f9f89237","1312"
"6747","TWD","40","一般收入","錯誤","20260128","","常皮","拿自己房間40元零錢找給爸","","","","ba45ee58e8ee425db90058668a2b8729","1934"
"6746","TWD","160","一般收入","收取還款","20260128","","常皮","爸給的","","","","c509eb042f314dc3a5b8156f58538fdb","1934"
"6745","TWD","320","費用","代墊","20260128","台新信用卡","","田光 Ciao!義式廚房：紅醬雞肉義大利麵（幫爸跟弟帶","","","","86fc2fd8e3814dceb4cda1a150acc9a3","1846"
"6744","TWD","190","餐飲食品","晚餐","20260128","台新信用卡","","田光 Ciao!義式廚房：紅醬雞肉義大利麵（加肉","","","","d90b3ecba7cf49cd81d5a1aa07cb258f","1843"
"6748","TWD","230","餐飲食品","午餐","20260129","常皮","","吳家鴨香飯：鴨香炒飯、菜脯蛋、炒空心菜","","","","c93a862f6a154dc2b47a3df01c0748d4","1246"
"6750","TWD","1353","人情交際","和弟吃飯","20260130","台新信用卡","","​品項明細，請弟吃飯，因為他尾牙沒有抽到獎 \n | 品名 (數量) | 小計 | \n | :--- | :--- | \n | 魚鮮丼(六片) - 50點兌換 (1) | $0 | \n | 軟殼蟹壽司(四顆) - 不Q比醬 (1) | $190 | \n | 雞肉唐揚(雞腿肉) - 150元點數兌換 (1) | $0 | \n | 綜合握壽司(五貫) (1) | $290 | \n | 紅甘下巴(中) (1) | $290 | \n | 魚鮮丼(六片) (1) | $460 | \n | 土瓶蒸(限量) - 130元點數兌換 (1) | $0 | \n | 服務費 (1) | $123 | \n ​總計：$1353","","","","b79f58dceb094442bc555b934cc46b11","1252"
"6749","TWD","240","餐飲食品","午餐","20260130","常皮","","大無敵烤肉飯：烤雞菲力飯，加30元燒肉，炸魚排","","","","ab60d81be8274c3da322abedba6b2068","1555"
"6751","TWD","205","餐飲食品","午餐","20260202","常皮","","波奇波奇：自選夏威夷飯（雞肉，豆腐，糙米生菜各半，鳳梨，番茄，黃瓜，毛豆，甜椒，黎麥，紫高麗菜，南瓜子）","","","","c14cd544df2d46ddafb9ea1824e69b78","1610"
"6753","TWD","384","帳目整理","帳目整理","20260203","","常皮","","","","","50c2f67be97b44448a9ec523b98edf83","1313"
"6752","TWD","135","餐飲食品","午餐","20260203","常皮","","東家便當，椒麻雞","","","","5fa7b74b39a142e69ef82dc0e915e7f7","1308"
"6755","TWD","64","休閒娛樂","電玩","20260204","台新信用卡","","deviant art訂閱","","","","07a0116aef304b63b2a28f223a31c272","2123"
"6754","TWD","118","餐飲食品","午餐","20260204","台新信用卡","","紐澳良烤雞三明治，高纖豆漿，ab無糖優酪乳","","","","1f275c762c4c4241aeb6acd3dcc78af8","1401"
"6769","TWD","7","費用","錯誤","20260205","台新信用卡","","108負值減101紅利點數","","","","7406fe5d17d6418ead933439973e2c14","1413"
"6758","TWD","13420","人情交際","孝養父母","20260205","玉山活存","","13，000過年加菜+維修材料（壁虎，燈具開關，電鈴）我出200−威士忌140元公帳−小籠包295元+修電鈴1000／3，出350+狀元雞340−2/5麵包35=13420","","","","738d5d6fa2c34b31b3867394d618e839","2122"
"6757","TWD","94359","一般收入","公司薪資","20260205","","玉山活存","","","","","6f2e4b64b9c54096ade9204ad7c4a6fe","1938"
"6756","TWD","255","餐飲食品","午餐","20260205","常皮","","大無敵烤肉飯：烤排骨飯，加30元燒肉，烤魷魚","","","","ace70cd6c5964b91a61b455b09ed9895","1233"
"6759","TWD","238","餐飲食品","午餐","20260206","常皮","","起司雞肉丼，柚香蘿蔔（好少，味噌湯","","","","704f707dbf59445083dba65e404937f1","1310"
"6764","TWD","195","運輸交通","高鐵","20260208","台新信用卡","","","","","","8daca69b66f14babba7d3b8e66275c3e","1259"
"6763","TWD","118","運輸交通","台鐵","20260208","台新信用卡","","","","","","2d9524da627b483e9afd32bc8a2a75b1","1259"
"6762","TWD","584","餐飲食品","晚餐","20260208","台新信用卡","","養鍋：健康低卡牛肉鍋加大，酸白菜鍋","","","","e7d8aa67ef52474a90c0a2447e8f57cb","2011"
"6761","TWD","200","餐飲食品","午餐","20260208","常皮","","阿文排骨飯大王：排骨飯，炒菠菜，油豆腐","","","","4f852bc586434d09b4fd9d0893ea31c7","1449"
"6760","TWD","30","餐飲食品","點心零嘴","20260208","常皮","","山東夏氏蕭記燒餅：蔥燒餅","","","","c2d14359cfdd4837bf4ddbe21008e4a5","1449"
"6770","TWD","5000","一般收入","其他","20260209","","常皮","新竹市普發5000元，現在才放到皮夾","","","","b4af28ecc9404858ab6708e1ca8ee9a4","1009"
"6768","TWD","426","投資收入","定存","20260209","","台新定存","","","","","dc4261777e8c4791b6dcec2f6a7a4d57","1408"
"6767","TWD","50000","理財投資","股票","20260209","玉山活存","","006208+VOO國泰定期定額40000，先轉預備金","","","","fd8fdc5bee5c4d81b84b18be9029afd7","1406"
"6766","TWD","25000","轉帳","一般轉帳","20260209","玉山活存","台新銀行","","","","","db3dccf16c0241d88434fbd5e42d3f84","1406"
"6765","TWD","225","餐飲食品","午餐","20260209","常皮","","南門壹食：皮蛋肉燥麵，薑絲鮮魚湯","","","","6e56daee5e404394bd90b402be5c1a0e","1301"
"6773","TWD","560","帳目整理","帳目整理","20260210","","常皮","","","","","382bf5a10a78490090d898de963c9092","1312"
"6772","TWD","1","一般收入","錯誤","20260210","","常皮","","","","","f7bd6913a1ef429b96eebcac611879b7","1305"
"6771","TWD","190","餐飲食品","午餐","20260210","常皮","","厚切豬排丼飯，加泡菜跟日式煎餃","","","","1028eb033da24f6681765c3a846a663c","1302"
"6776","TWD","270","餐飲食品","午餐","20260212","常皮","","黃悶雞米飯：黃悶牛加豆皮","","","","a72bf59e26bf41ccb7b389167af1a30c","1323"
"6775","TWD","620","帳目整理","帳目整理","20260212","","常皮","","","","","a8fc5723d229412cb9f5a26666bc8246","901"
"6783","TWD","75","餐飲食品","飲料","20260213","台新信用卡","","美顏膠原莓果飲，ab無糖優酪乳跟弟分","","","","2a1f4111a55e4e3b94fb8098408e65a0","2048"
"6782","TWD","410","人情交際","和弟吃飯","20260213","台新信用卡","","COMEME 康蜜 巨城門市提拉米蘇，半熟乳酪蛋塔x2，巨城限定口味","","","","e09f0aa6319c48deacb521ccc7cd7add","2043"
"6781","TWD","250","一般收入","收取還款","20260213","","常皮","","","","","17be0963897e468c8206b37dddf9c73a","2043"
"6780","TWD","100","餐飲食品","點心零嘴","20260213","常皮","","potato corner巨城店：BBQ口味，酸奶奶油卷卷薯跟弟分","","","","04316845d0f14e88a1c843014bbd4230","2038"
"6779","TWD","359","餐飲食品","晚餐","20260213","台新信用卡","","巨城胡椒廚房：1855美國板腱牛排","","","","97d093a8a11542c0b6d574d6d73cb63d","1915"
"6778","TWD","178","餐飲食品","午餐","20260213","常皮","","馬來老爹：咖哩海鮮炒粿條","","","","67541e0e5cb2497c9f60d2d8973b35bf","1223"
"6777","TWD","90000","一般收入","公司薪資","20260213","","玉山活存","年終一個月","","","","5090d3e0442e41f6af6f0368e6f0f220","1058"
"6784","TWD","170","餐飲食品","午餐","20260214","常皮","","蚵仔大腸麵線，幫弟一起買一份","","","","9683a40c7df6448281ed4a3c2e9d317d","1530"
"6794","TWD","17","運輸交通","台鐵","20260215","常皮","","台北到汐止，發現沒有刷到悠遊卡，所以現金補票","","","","e236d426eac248f6abe9df36fd5e2ce7","1559"
"6793","TWD","1000","費用","代墊","20260215","常皮","","借媽1000去買灌豬腳","","","","8d6ea824dea84f678cd8d166b085ccf3","1553"
"6791","TWD","54","餐飲食品","點心零嘴","20260215","台新信用卡","","光泉無加糖豆漿900cc，即期肉鬆飯糰","","","全聯","45219d9a7dbf405b8a88706d7252e729","1958"
"6790","TWD","160","運輸交通","高鐵","20260215","台新信用卡","","南港到新竹","","","","c77d8772b8e44c07845ce58bbb30dffc","1958"
"6789","TWD","225","餐飲食品","晚餐","20260215","常皮","","內湖社子排骨：排骨飯，白菜滷，蝦捲","","","","847a5a2d54ab4eacb6aa383e734c3b25","1955"
"6788","TWD","8","運輸交通","捷運","20260215","愛心卡","","","","","","0c06c9d7ff534f91bcb169766e8b4989","1935"
"6787","TWD","186","餐飲食品","午餐","20260215","台新信用卡","","兩粒飯糰，蒜香起司羅宋，兩瓶減糖舒跑，ucc黑咖啡","","","","6757df38d1a54cd8be94dc1ff0374c52","1016"
"6786","TWD","140","運輸交通","高鐵","20260215","台新信用卡","","新竹到臺北","","","","9077cbffcc7a4777ac9f25d8b00fe523","926"
"6785","TWD","96","餐飲食品","早餐","20260215","台新信用卡","","凱薩風味雞肉蔬菜捲，瑞穗酪蛋白鮮乳","","","","c196602b2d0d437e9d34b34b7832e3e6","831"
"6792","TWD","362","費用","代墊","20260216","台新信用卡","","全聯幫媽買優酪乳跟甜蔥，乾薑，蒜頭跟兩包茼蒿","","","","cb72d7d55ba94fbcaba9d59d18a89c60","1552"
"6796","TWD","1856","理財投資","保險","20260220","玉山信用卡","","南山1／2終生意外險加實支實付醫療險12期","5|20250820|20260420|null|2|1","","","77b3a54b6652467eac19070edcda38f9_20260220",""
"6795","TWD","1856","轉帳","一般轉帳","20260220","玉山活存","玉山信用卡","","6|20250820|20260420|null|2|1","","","96291ed6d53345cd8a254ce3a2b07f5f_20260220",""
"6797","TWD","1099","居家生活","網路費","20260221","台新銀行","","500G寬頻","7|20250121|20260421|null|2|1","","","abef87863d194a2e9ea3f1643b5f4b15_20260221",""
"6798","TWD","64","餐飲食品","飲料","20260222","台新信用卡","","低脂牛奶900cc打7折","","","","40d080c8c27240729c1007a3b819ae3b","1541"
"6804","TWD","70","費用","代墊","20260223","常皮","","診所隔壁麵包店兩個長起司麵包70元","","","","e0722a5d72fd409680c09dec442fca67","1743"
"6803","TWD","402","投資收入","定存","20260223","","玉山定存","","","","","be16785ba0a745d690212c4c4a39c6be","1341"
"6802","TWD","426","投資收入","定存","20260223","","台新定存","","","","","2ae1bd59ed2e489da0bbe68985c2f348","1339"
"6801","TWD","101","費用","錯誤","20260223","台新信用卡","","","","","","84f27606b9b34bf499b7d6e5dfbe0766","1338"
"6800","TWD","1690","帳目整理","帳目整理","20260223","","常皮","","","","","ff2212fb76cb45939f00c8a62743a7aa","1334"
"6799","TWD","180","餐飲食品","午餐","20260223","常皮","","波奇波奇：自選夏威夷飯（雞肉，糙米生菜各半，鳳梨，番茄，黃瓜，毛豆，甜椒，黎麥，紫高麗菜，南瓜子）","","","","14ac0945e0f04c4e98cae618d60ecf91","1240"
"6806","TWD","140","費用","代墊","20260224","常皮","","診所隔壁麵包店兩個吐司（原味/巧克力）140元","","","","ace009df239c40ca93750fd92b5f5a87","2048"
"6805","TWD","162","餐飲食品","早餐","20260224","常皮","","飯飯：金沙唐揚雞丼飯","","","","705454d409c341fa95fca34afa4bbc82","1305"
"6808","TWD","5","一般收入","錯誤","20260225","","常皮","","","","","faf7ce69cbfe4b9d9bf36a4f1f469437","1315"
"6807","TWD","150","餐飲食品","午餐","20260225","常皮","","大無敵烤肉飯：炸魚排飯，加30元燒肉","","","","7cc86d1f527543a6a8e9aa36d7f2da9a","1244"
"6809","TWD","243","餐飲食品","午餐","20260226","常皮","","吳家甜不辣：甜不辣大，綜合麵線大（診所外送）","","","","369b0f96bbfd48b9a0b52075f53f984d","1216"
"6816","TWD","36","餐飲食品","飲料","20260227","台新信用卡","","統一無糖黑豆漿，瑞穗低脂鮮奶290cc，兩個都是打七折","","","","8d586c10ccc84e6aaa7f9887429234d3","153"
"6815","TWD","500","餐飲食品","早餐午餐","20260227","常皮","","品項名稱 金額 (TWD) \n 帶骨香腸培根早午餐 (附義式黑咖啡-少冰、荷蘭小鬆餅、半熟蛋) 360  \n 鱸魚烤玉米佐巴薩米克醋沙拉 290跟朋友（愷允）分的 \n --- --- --- --- \n 總計 9   1，010，朋友只有跟我收500塊現金而已","","","","f03a297623a0490ba5b7be9c8675d146","152"
"6814","TWD","215","代墊","代墊","20260227","","常皮","","","","","2c37fad43004476f83cc9310be74d6ce","150"
"6813","TWD","775","餐飲食品","晚餐","20260227","台新信用卡","","圓山駅：品項名稱 數量 金額 (TWD) \n 博多起司球 (3顆) 1 50 \n 歐姆蛋 1 30 \n 高麗菜卷 1 75 \n (蒲) 鱈寶 1 70 \n (蒲) 野菜豆腐 (1片) 1 30 \n (蒲) 花枝條 (1根) 1 35 \n 鍋燒意麵 1 40 \n 清酒機代幣 1 100 \n 角螺 (豆皮) 1 25 \n 日本麻吉福袋 1 65 \n 筊白筍 1 15 \n (蒲) 磯邊揚天婦羅 (1塊) 1 25 \n --- --- --- \n 總計 (12件)   560，跟朋友的部分一起結算","","","","7ec528905e564dc1ab36813c9542a42d","147"
"6812","TWD","280","運輸交通","高鐵","20260227","台新信用卡","","","","","","12d9c04352d74c48a933632fa15ee9b3","147"
"6811","TWD","24","運輸交通","捷運","20260227","愛心卡","","中山到士林站，士林到圓山站，圓山站到台北","","","","6c85684d2c6a4b0a87daa105020675ff","146"
"6810","TWD","500","轉帳","一般轉帳","20260227","常皮","愛心卡","","","","","c734a9a67ca64c0b81fc3141b1792e29","146"
"6823","TWD","730","餐飲食品","晚餐","20260302","台新信用卡","","巨城壽司郎，跟弟一起吃飯","","","","fb5bd28892474d5ca114d5aec05a07cf","2026"
"6822","TWD","8410","轉帳","一般轉帳","20260302","台新銀行","台新信用卡","","","","","cfad9ac2aa5f4857b9be77e9ccac6a86","1647"
"6821","TWD","70000","轉帳","一般轉帳","20260302","玉山活存","玉山定存","","","","","b720307f37bc42d985f6354cf7c48dd8","1355"
"6820","TWD","541","投資收入","定存","20260302","","玉山定存","","","","","a5bb7789d9a04e1288d23b7e3a5e4c8e","1353"
"6819","TWD","101","一般收入","錯誤","20260302","","台新信用卡","","","","","80b23d3f6d7b4df8817e5a4662204d7b","1351"
"6818","TWD","485","帳目整理","帳目整理","20260302","","常皮","","","","","7df440fd7fdd4b5889c970c483eb7b43","1347"
"6817","TWD","190","餐飲食品","午餐","20260302","常皮","","波奇波奇：自選夏威夷飯（雞肉，糙米生菜各半，鳳梨，番茄，黃瓜，毛豆，甜椒，黎麥，紫高麗菜，海藻沙拉 \n ，南瓜子）","","","","918fa926c92f4846ab08ef7e571f9860","1322"
"6825","TWD","45","帳目整理","帳目整理","20260303","","常皮","","","","","dee80f74ead1461fb393e41aff75f476","1315"
"6824","TWD","240","餐飲食品","午餐","20260303","常皮","","科學園區小吃：咖哩鍋燒雞絲麵，台式泡菜","","","","ec8b5ca62d8e41d0b244fc7d2616f014","1314"
"6826","TWD","64","休閒娛樂","電玩","20260304","台新信用卡","","deviant art訂閱","","","","48bb5308b55c4459972170645453bb2f","2143"
"6828","TWD","73734","一般收入","公司薪資","20260305","","玉山活存","","","","","01a0f0d71bba4737b32824513989e0ac","1922"
"6827","TWD","414","餐飲食品","午餐","20260305","常皮","","黃悶雞米飯：黃悶豬加豆皮金針菇牛肉","","","","d2a4e748c6f5490bb556cd2200fd1aa5","1233"
"6830","TWD","449","餐飲食品","晚餐","20260306","台新信用卡","","雙醬王牛排：雙醬王莎朗，a套餐（酥皮濃湯，西瓜牛奶）","","","","08395096dbec4e7c9a8e002b4b75d195","1822"
"6829","TWD","249","餐飲食品","午餐","20260306","常皮","","來來越式料理：法國麵包，涼拌木瓜絲","","","","fae5c61121be434d905a0ed8dfb0d78b","1215"
"6834","TWD","369","居家生活","居家雜物","20260307","台新信用卡","","50*80公分背包香菇袋X2，多功能水壺袋","","","","0c8dca6558984637874d4529b7d77bb8","2335"
"6833","TWD","570","餐飲食品","晚餐","20260307","常皮","","跟媽弟一起吃附近的老家雞湯&養生雞湯：烤雞一份， \n 白飯 20 兩份40元 \n 百菇蛤蜊湯 (小) 400  \n 蒜香軟時佐法棍 (小) 250  \n 鳳梨蝦球 250  \n 炒時蔬 150  \n 雞油麵線40元 \n 除以三，已付現給媽","","","","6bfed1da798e413dbef2d77f7d4bda46","2142"
"6832","TWD","134","餐飲食品","飲料","20260307","常皮","","低脂牛奶900cc，紫亮采兩瓶，分弟一瓶，都打7折","","","","9ccc53e66b9c419cbfec4190e59a8ae3","2010"
"6831","TWD","11428","人情交際","孝養父母","20260307","玉山活存","","13000三月飯錢−1000代墊豬腳錢−362代墊全聯−（70+140）代墊診所隔壁麵包店吐司跟起司長麵包","","","","292fbf428cfd41c78705b555397e8d5c","1600"
"6835","TWD","1199","居家生活","居家雜物","20260308","台新信用卡","","【錸特光電】NITECORE NU25 MCT UL 輕量多色溫頭燈","","","","d02b894a6d074d1b84f029f428e53c83","1836"
"6838","TWD","770","餐飲食品","晚餐","20260309","台新信用卡","","巨城壽司郎，跟弟一起吃飯","","","","18d2634296a74680b6e6b3c260b4d164","2026"
"6837","TWD","398","費用","代墊","20260309","台新信用卡","","代墊巨城B1兩天份麵包（我吃蒜頭法棍跟乳酪法棍","","","","2171655b637043ca806c96263dc90ddb","2037"
"6836","TWD","140","餐飲食品","午餐","20260309","常皮","","川島家：豆乳雞柳便當","","","","3568a12deef04a9e84862f2af2b8510c","1344"
"6840","TWD","223","汽機車","油錢","20260310","台新信用卡","","","","","","229d83c38e3444688295cc4565a42db1","1743"
"6839","TWD","230","餐飲食品","午餐","20260310","常皮","","吳家鴨香飯：鴨香炒飯、菜脯蛋、炒空心菜","","","","178998a961244446bce8a81f22ed1a3b","1307"
"6841","TWD","450","服飾美容","剪髮理容","20260311","常皮","","剪加洗","","","東南理髮店","d0222904ee24477385600fc3edda54a0","2023"
"6844","TWD","1000","一般收入","其他","20260312","","常皮","開工紅包獎金，現在才算入帳戶","","","","a2ec92b91baa477c9db511cb882b02e9","2147"
"6843","TWD","22","一般收入","錯誤","20260312","","常皮","","","","","102d3fe85ac64df6a15d2e800a321c79","1231"
"6842","TWD","390","餐飲食品","午餐","20260312","常皮","","新竹鴨肉飯：鴨肉麵，炒鴨腸","","","","dcf7f710848847e9a4137a40310fcfbb","1229"
"6847","TWD","97","餐飲食品","食材","20260313","台新信用卡","","登山備用的綜合蔬菜汁，牛奶：晚餐吃打折開心果馬卡龍","","","","e62ccd8911e247e7a0c90b10d50d2722","2121"
"6846","TWD","50","人情交際","孝養父母","20260313","台新信用卡","","請媽媽跟弟弟吃原味洋芋片","","","","056be1e3209d4f97aad3a24306877794","2120"
"6845","TWD","324","餐飲食品","午餐","20260313","常皮","","來來越式料理：法國麵包，涼拌雞絲高麗菜","","","","dd547398353a4ffbb0bb974767cb3183","1635"
"6850","TWD","1178","休閒娛樂","旅行遊玩","20260314","台新信用卡","","觀霧山莊3/14-15背包客房尾款","","","","c5562beed3b6400682584a5fc941e9b3","2203"
"6848","TWD","105","餐飲食品","食材","20260314","台新信用卡","","黑松FIN健康補給飲料PET580[NT$ 25] x 2，煙燻雞胸肉","","","","b6dae77b999641ebb9453e299023a96c","658"
"6849","TWD","70","餐飲食品","水果","20260315","常皮","","清泉市集，蓮霧","","","","4975728a57b44de0afa2301bcf6f3f98","1735"
"6852","TWD","2","一般收入","錯誤","20260316","","常皮","","","","","b8d3e6959ddb4464b4d0ec9d6743fdcb","1531"
"6851","TWD","258","餐飲食品","午餐","20260316","常皮","","亞仙越南麵包-竹科店：黑胡椒牛肉麵包，越式煉乳咖啡","","","","38f4a7deda284954b1499154231dabf6","1529"
"6853","TWD","104","餐飲食品","午餐","20260317","常皮","","畚箕湖阿里山便當：炸排骨便當","","","","05ee7c3a6b2545a6aacf8119db210640","1303"
"6854","TWD","120","費用","代墊","20260318","常皮","","診所隔壁麵包店兩個半條吐司（原味）120元","","","","4f1e0bc649b14835970ed966e69b9b35","1857"
"6855","TWD","410","餐飲食品","午餐","20260319","常皮","","黃悶雞米飯：黃悶蝦加豆皮金針菇豬肉","","","","ca798356573c421881e212ab02298266","1229"
"6858","TWD","130","餐飲食品","午餐","20260320","常皮","","大無敵烤肉飯：烤雞菲力飯","","","","d2e5ba67d2a54bc19fe1d41d650cc0eb","1511"
"6857","TWD","1856","理財投資","保險","20260320","玉山信用卡","","南山1／2終生意外險加實支實付醫療險12期","5|20250820|20260420|null|2|1","","","77b3a54b6652467eac19070edcda38f9_20260320",""
"6856","TWD","1856","轉帳","一般轉帳","20260320","玉山活存","玉山信用卡","","6|20250820|20260420|null|2|1","","","96291ed6d53345cd8a254ce3a2b07f5f_20260320",""
"6859","TWD","1099","居家生活","網路費","20260321","台新銀行","","500G寬頻","7|20250121|20260421|null|2|1","","","abef87863d194a2e9ea3f1643b5f4b15_20260321",""
"6865","TWD","121","餐飲食品","食材","20260322","台新信用卡","","低糖寶礦力水得x2瓶（其實爬山一瓶就好？），紐澳良雞腿三明治，濃豆漿","","","","2848335385ff4a13a7150115cbb118e2","1031"
"6864","TWD","43","餐飲食品","飲料","20260322","台新信用卡","","低脂牛奶290，230各一","","","","b851522066cf4ae7b0ccd807bf5733eb","1030"
"6863","TWD","460","餐飲食品","晚餐","20260322","台新銀行","","豐樂亨鍋：石頭鍋牡蠣蛤蜊，加一成服務費，彥碩先出，轉帳給他","","","","1019765974844781912a44c2b2b26962","952"
"6861","TWD","56","運輸交通","捷運","20260322","愛心卡","","","","","","3f72f38aa7284e23a31ee530ac1a4ea4","1950"
"6860","TWD","280","運輸交通","高鐵","20260322","台新信用卡","","","","","","16e4db25658141c38ec38ca72bac58e1","1918"
"6868","TWD","82","投資收入","定存","20260323","","玉山定存","","","","","2f20878435bf4079a27949043c3988dc","1311"
"6867","TWD","50000","轉帳","一般轉帳","20260323","玉山活存","玉山定存","","","","","1b3aebbdeb42413984cb142019d543b1","1306"
"6866","TWD","190","餐飲食品","午餐","20260323","常皮","","波奇波奇：自選夏威夷飯（雞肉，糙米生菜各半，鳳梨，番茄，黃瓜，毛豆，甜椒，黎麥，紫高麗菜，海藻沙拉 \n ，南瓜子）","","","","436693edcb1c449cb449559874dc0bd5","1304"
"6862","TWD","998","3C通訊","電話費","20260323","台新信用卡","","","8|20250523|20260323|null|2|2","","","49f6368abfd84c2493cb87d0d0d55567_20260323",""
"6871","TWD","224","帳目整理","帳目整理","20260324","","常皮","","","","","26ef53dce108428da8f0d328ade849ac","1306"
"6870","TWD","230","餐飲食品","午餐","20260324","常皮","","饗：厚切豬排唐揚雞蓋飯","","","","a824859a97164146a0691c1357689373","1243"
"6869","TWD","4646","轉帳","一般轉帳","20260324","台新銀行","台新信用卡","","","","","649dd878cb3445a5814980026aee735a","1034"
"6875","TWD","143","餐飲食品","晚餐","20260325","台新信用卡","","瑞穗鮮乳-低溫殺菌鮮乳，愛妃蘋果切片，辣牛肉甜奶油義大利麵（弟吃），都是打折","","","","a5dbcc925c2f48b9a7ede33c114e0358","2251"
"6874","TWD","420","休閒娛樂","電影","20260325","台新信用卡","","跟弟一起看狸想世界","","","","50f7c39cfbba4ac88a223e1923de6836","2250"
"6873","TWD","168","餐飲食品","晚餐","20260325","台新信用卡","","巨城山崎麵包：三種乳酪佛卡恰65，辣味香腸55，脆皮烤年糕X2 48，跟弟看電影吃的","","","","45ebb7ca1f074129873c0be689267537","2248"
"6872","TWD","70","餐飲食品","午餐","20260325","台新信用卡","","鮪魚飯糰，ab無糖優酪乳","","","","cca297fe7fa048c7aa8422f6c8a38f4b","1318"
"6774","TWD","2239","理財投資","保險","20260325","台新銀行","","富邦人壽O1*****683-02袁＊皓君主約險種LESA保額30.0000萬元民國115年03月續期保費新台幣2239元，將於民國115年03月25日凌晨自台新銀行末３碼666扣款（已將當年度紅利0元抵繳保費）。","","","","a259236a130c4d3ebdfaaad38b2bf93e","1533"
"6877","TWD","800","服飾美容","鞋子","20260326","台新信用卡","","走四方：鞋墊角度調整，更換表面布","","","","6e1803029b7d47b0996aba7674e58bb7","1956"
"6876","TWD","310","餐飲食品","午餐","20260326","常皮","","黃悶雞米飯：酸湯牛加豆皮金針菇","","","","f24cf91465f14148b6f2141ccca6f13f","1316"
"6878","TWD","250","餐飲食品","午餐","20260327","常皮","","鴨香飯、韭菜鴨腸、炒空心菜","","","","5aeab6de858141b88ce8c9700276c7ac","1437"
"6882","TWD","362","人情交際","送禮請客","20260329","常皮","","品項 (口味) 數量 預估單價 小計 \n 草莓大福 (紅色貼紙) 3 $60 $180 \n 花生大福 (咖啡色貼紙) 2 $35 $70 \n 生巧克力大福 (深褐色貼紙) 1 $48 $48 \n 蜂蜜生乳酪大福 (黃色貼紙) 1 $48 $48 \n 總計 (Total) 7   $362，我吃草莓，巧克力還有乳酪，媽媽跟弟弟吃花生還有草莓，山田麻糬製造所","","","","dd788153a7c24da5ba74faf7e617930a","2134"
"6881","TWD","260","人情交際","送禮請客","20260329","常皮","","跟嬿止吃艾比兒甜點，我付布丁錢，補中餐的錢，我吃提拉伯爵布丁","","","","74c9a91f41104213856a131560d03c9e","2131"
"6880","TWD","90","餐飲食品","飲料","20260329","台新信用卡","","ab無糖優酪乳900cc分大家，綠暢活都是打7折","","","","79e9192e30714c61b0ed80b4448466ab","2129"
"6879","TWD","275","餐飲食品","午餐","20260329","常皮","","泰貓了：泰式船麵，小方塊，泰貓阿華田，嬿止堅持補上次咖啡的部分，說請船麵，後來用布丁抵掉，所以灰色","","","","d5b9eddbdcb14442ab14186b04a20c74","1157"
"6884","TWD","240","餐飲食品","午餐","20260330","常皮","","超想吃湯包：蝦餃7顆x2，雞絲飯大碗","","","","44a9627f928145888a1d279bba64f9d5","1406"
"6883","TWD","16","一般收入","錯誤","20260330","","常皮","","","","","33fa606c86b44a7396fdeb303becf1f4","1313"
"6889","TWD","400","汽機車","維修保養","20260331","常皮","","1000公里換機油(8056","","","","45e8af3fec6843648dcfd9f22e76012d","1928"
"6888","TWD","40","餐飲食品","飲料","20260331","台新信用卡","","AB無加糖優酪乳PE517ml[NT$ 49] ，用掉快過期的點數折9塊錢","","","","cc7b233a1bc8498a9da952a1a587f7cf","1320"
"6887","TWD","3000","轉帳","一般轉帳","20260331","台新銀行","常皮","","","","","44ba99e79b3846e3b4b5d47e58b8cdcd","1320"
"6886","TWD","1","帳目整理","帳目整理","20260331","","常皮","","","","","8688fc17880b402289bcb5ac978dc498","1247"
"6885","TWD","115","餐飲食品","午餐","20260331","常皮","","升一排骨建功店：椒麻雞飯","","","","54bf0fe046744286803e9c9461992285","1208"
"6891","TWD","234","餐飲食品","午餐","20260401","常皮","","三十米路：鮮蚵麵線，皮蛋豆腐","","","","3aecd62df5934587933e95ed410aded7","1133"
"6890","TWD","1130","帳目整理","帳目整理","20260401","","常皮","","","","","972703e9487844d7b6603494dd110630","903"
"6894","TWD","91059","一般收入","公司薪資","20260402","","玉山活存","","","","","ad8a5b43963c4a97b4d3d04723a58792","1722"
"6893","TWD","390","餐飲食品","午餐","20260402","常皮","","龍虎海南雞飯：新加坡燒雞飯，海南雞雞腿","","","","0f22a832eda649a9b9f974ca608a2720","1309"
"6892","TWD","1800","一般收入","其他","20260402","","常皮","除夕與初二紅包，現在才算入帳戶","","","","f14fd2c49fa64c999e286405e3d4ed34","846"
"6895","TWD","185","費用","代墊","20260403","常皮","","12小籠包，1蛋餅2豆漿","","","","029e1bea196d49e68f80842165a13e97","2202"
"6896","TWD","64","休閒娛樂","電玩","20260404","台新信用卡","","deviant art訂閱","","","","4a60161a894f41dd80336db33b130d92","2143"
"6897","TWD","200","3C通訊","軟體","20260405","台新信用卡","","Freefilesync贊助200元","","","","b9edf3a8bfae4dc2ab8463734ef6d7d8","1229"
"6898","TWD","14072","人情交際","孝養父母","20260406","玉山活存","","13000−3/9代墊巨城麵包398−3/18代墊診所隔壁麵包店兩個半條吐司（原味）120元+交通罰單620+大海拉麵710除以二等於355+機車牌照稅800−4/3小籠包185=14072","","","","2b9b9eedf9f749eb84d45880992e75fb","2134"
"6901","TWD","58","餐飲食品","飲料","20260407","台新信用卡","","瑞穗鮮乳-低溫殺菌鮮乳，低脂牛奶400cc","","","","d9c12b02d69e487aae6c4f56b79179f6","1826"
"6900","TWD","20","帳目整理","帳目整理","20260407","","常皮","","","","","cf0c9d96eed14f0dac00001ad30a6079","1346"
"6899","TWD","175","餐飲食品","午餐","20260407","常皮","","東區稻香蛋炒飯長春店：什錦蛋炒飯","","","","d24dd486c86649fda6ffb3bf5ab365b3","1346"
"6903","TWD","229","餐飲食品","晚餐","20260408","台新信用卡","","番茄雞肉烏龍麵，鴻喜菇炸蔬菜","","","丸龜製麵忠孝大潤發","f11c15bf9baa44caa4457d799c821534","2139"
"6902","TWD","289","餐飲食品","午餐","20260408","常皮","","小辛辣 麻辣干鍋 新竹光復本舖：經典干鍋套餐，雞腿肉加10元，涼拌鴨掌配上檸檬紅茶","","","","e65d2b9709144d4eb37a86b8bfb90ec3","1321"
"6905","TWD","240","帳目整理","帳目整理","20260409","","常皮","","","","","f151069b17ab4fe9a8eec38516e0c552","1318"
"6904","TWD","220","餐飲食品","午餐","20260409","常皮","","埔頂鴨肉飯：鴨肉炒麵，炒空心菜，菜脯蛋","","","","4f2e64b1b1eb4c618f4ee393e102368e","1318"
"6908","TWD","50000","理財投資","股票","20260410","玉山活存","","006208+VOO國泰定期定額40000，先轉預備金","","","","f9e285e284fc4780b90c1e7d3429af4c","1635"
"6907","TWD","690","帳目整理","帳目整理","20260410","","常皮","","","","","a4791908d64546deb9cdc133d424e7f0","1338"
"6906","TWD","160","餐飲食品","午餐","20260410","常皮","","三十米路：玉里麵，蒜醬秋葵","","","","a9b741aca29b475e8136d6a9d1f063b9","1334"
"6910","TWD","75","餐飲食品","飲料","20260412","台新信用卡","","ab無糖優酪乳900cc分大家","","","","5c0c0d32aa3c42d5b07a607091a4f9f7","1805"
"6909","TWD","516","餐飲食品","點心零嘴","20260412","台新信用卡","","哈根達斯雪糕買四送四","","","7-Eleven","325f3c7e1fb34db597cc651562e4d491","1805"
"6914","TWD","25000","轉帳","一般轉帳","20260414","玉山活存","玉山定存","","","","","08f7212fe7c1412aa6953c28f4913043","2113"
"6913","TWD","25000","轉帳","一般轉帳","20260414","玉山活存","台新銀行","","","","","be83bfe82a2e4c4fbb89f30a38e54e9d","2109"
"6912","TWD","4","費用","錯誤","20260414","台新信用卡","","","","","","17c4a3e4803b426cbc7643785748a5b2","2105"
"6911","TWD","139","餐飲食品","午餐","20260414","常皮","","楊家肉燥飯：蛤蜊麵加蔬菜","","","","1f05cfb449fd4dc3a42f68a61748c482","1329"
"6919","TWD","90","代墊","代墊","20260415","","常皮","爸買1根哈根達斯雪糕70加上櫃子的10塊零錢兩個找給爸","","","","46d61a5349a443f692b62f96ff220857","2005"
"6918","TWD","590","餐飲食品","晚餐","20260415","常皮","","品項 數量 金額 \n 銷魂鴨肉片飯 x1 $90 媽 \n 極品鴨腿飯 x1 $120 弟 \n 銷魂套餐 x1 $180 我 \n --燙青菜 x1 - \n --鴨肉丸湯 x1 - \n 黑白切 x1 $100 我 \n 黑白切 x1 $100 弟","","","","ad4d1d7046d2493e98e5713c3c7ac68e","1950"
"6917","TWD","322","帳目整理","帳目整理","20260415","","常皮","","","","","c2a2519bba6e4c04b4619af19721a041","1310"
"6916","TWD","195","代墊","代墊","20260415","","常皮","弟買3根哈根達斯雪糕","","","","c30574c3e2824b12a12c6e939dfd4c1c","1309"
"6915","TWD","90","餐飲食品","午餐","20260415","常皮","","一畝綠：拉麵","","","","aab84d7f97ea4184b90f8db65a4d8b80","1306"
"6922","TWD","220","一般收入","收取還款","20260416","","常皮","弟弟昨天的晚餐","","","","fe008f0badd7456b9f03b423b94150dc","1825"
"6921","TWD","140","餐飲食品","午餐","20260416","常皮","","金元寶水餃大王：招牌飯","","","","02b88d933e4d4cf28f03f85c40dd9b06","1631"
"6920","TWD","240","費用","帳目整理","20260416","常皮","","","","","","ca3e4ae556d94b4a8e8b20e2728cc816","1609"
"6926","TWD","66","一般收入","錯誤","20260417","","常皮","從抽屜拿零錢湊整數給外送員","","","","4bf9a30366d04bdeb8f208f856fdfeab","1107"
"6925","TWD","666","餐飲食品","晚餐","20260417","常皮","","Burger King 漢堡王 (新竹忠孝店) \n 品項 數量 金額 \n 六層蔬菜犇牛堡餐 \n (M)百事無糖可樂 1 $409 \n 三層蔬菜犇牛堡餐 \n (M)茶花綠茶 1 $229 \n 小計   **$638** \n 標準外送服務費   $9 \n 平台費   $19，弟的部分229+28/2=243","","","","90d9b15dc06a4b7f990bf829cf98fe3d","1908"
"6924","TWD","230","汽機車","油錢","20260417","台新信用卡","","","","","","6fd5c5b7523c43c8942806096107c0e1","1904"
"6923","TWD","240","餐飲食品","午餐","20260417","常皮","","虱目魚肚粥","","","","820220d245c34e858d88d3588a6445b4","1603"
"6928","TWD","39","餐飲食品","飲料","20260418","台新信用卡","","茶裏王四季春茶x2","","","","5d65391672b8450284b4230206b5d036","1649"
"6927","TWD","150","休閒娛樂","展覽","20260418","常皮","","黑蝙蝠中隊劇本殺","","","","35e7772cba73426db684093f5998633c","1600"
"6931","TWD","700","帳目整理","帳目整理","20260420","","常皮","","","","","5a8b620a7edf49979bb93223f41d43c0","1336"
"6930","TWD","1856","理財投資","保險","20260420","玉山信用卡","","南山1／2終生意外險加實支實付醫療險12期","5|20250820|20260420|null|2|1","","","77b3a54b6652467eac19070edcda38f9_20260420",""
"6929","TWD","1856","轉帳","一般轉帳","20260420","玉山活存","玉山信用卡","","6|20250820|20260420|null|2|1","","","96291ed6d53345cd8a254ce3a2b07f5f_20260420",""
"6936","TWD","269","餐飲食品","晚餐","20260421","常皮","","麵容餃好。新竹龍山店 \n 品項 數量 金額 \n 客家乾板條(份) 1 $60 \n 綜合時蔬(份) 1 $60 \n *黑豬肉秘製香腸(份) 1 $55 \n *煙燻豬耳朵(份) 1 $49 \n *涼拌煙燻豆包(份) 1 $45","","","","694c4c76191f4eceb39f0415a886c13f","1246"
"6934","TWD","224","帳目整理","帳目整理","20260421","","常皮","","","","","062a10ab037d4b5581c7f15fa88328d2","1311"
"6933","TWD","200","餐飲食品","午餐","20260421","常皮","","飯飯：牛五花飯","","","","52f8ff064a0f4027b52cb7a0778bece3","1307"
"6932","TWD","1099","居家生活","網路費","20260421","台新銀行","","500G寬頻","7|20250121|20260421|null|2|1","","","abef87863d194a2e9ea3f1643b5f4b15_20260421",""
"6943","TWD","2","一般收入","錯誤","20260422","","常皮","","","","","4bd6077911b74951afc3b15142b3c6ed","2134"
"6942","TWD","164","費用","代墊","20260422","台新信用卡","","愛買茶葉蛋跟蔥燒蛋洋芋片以及雪糕分一半","","","","dd77e08d99ef46639f7b79f7c16b26ac","2132"
"6941","TWD","1144","人情交際","和弟吃飯","20260422","台新信用卡","","靜岡勝政日式豬排-新竹巨城店：弟弟吃龍虎石斑加上豬排組合餐，我吃桃園豬排TORO，加上靜岡玄米茶以及起司蛋糕","","","","d7ad85832ddd484ba7b522f3253f1f3c","2130"
"6940","TWD","8","代墊","代墊","20260422","","常皮","零錢的部分是一塊錢","","","","40c035de8a954ffc9ed74953257c1844","2130"
"6939","TWD","580","代墊","代墊","20260422","","常皮","1144−580×1.1晚餐部分+(109+55)÷2愛買茶葉蛋跟蔥燒蛋洋芋片以及雪糕分一半","","","","867b7aafa6a841bb85a85ad28d795269","2129"
"6938","TWD","176","費用","代墊","20260422","台新信用卡","","愛買烤蔬菜跟優酪乳176元","","","","bfcab1fb89fc4b8484081f1dcd63a8cf","2128"
"6937","TWD","8279","轉帳","一般轉帳","20260422","台新銀行","台新信用卡","","","","","62c1027516064cc59717734cd07f8471","1644"
"6935","TWD","199","餐飲食品","午餐","20260422","常皮","","鐵板韓式炸雞便當加泡菜","","","","8624cbbce5fe4ce8adf4d88485ec67dc","1245"
"6944","TWD","140","餐飲食品","午餐","20260423","常皮","","金元寶水餃大王：三鮮繪飯","","","","1d4ba10005414bf1b60b94cbd2f686e4","1600"
"6945","TWD","35","居家生活","居家雜物","20260425","台新信用卡","","給爸一罐瞬間膠","","","","8df353f8a50c4d139578c6183be8ff91","2042"
"6953","TWD","580","轉帳","一般轉帳","20260426","常皮","台新銀行","帳目整理，為啥會少了這一筆錢啊","","","","87b6ba8b65334d20898c3216848961fc","2158"
"6947","TWD","338","休閒娛樂","電玩","20260426","台新信用卡","","世紀帝國4DLC，金朝文明預購","","","","4a5991294e2c4ce298e82b344af5570c","1951"
"6946","TWD","2100","人情交際","孝養父母","20260426","常皮","","​消費額： $2，860，吃菜園 \n ​服務費： $286 \n ​結帳額： 3，146 元，我出三分之二包含媽媽的部分，弟弟出三分之一自己的 \n 品名 數量 金額 \n 招牌白肉預定 1 $460 \n 蔥㸆小排預定 1 $580 \n 脆皮雞1/2隻預定 1 $560 \n 寧式鱔糊 1 $420 \n 地瓜葉皮蛋 1 $340 \n 菜飯預定 3 $120 \n 翡翠海鮮羹 1 $380","","","","5300d45f7466421e85ab186b42f4dd9f","1940"
"6955","TWD","82","投資收入","定存","20260427","","玉山定存","","","","","7b8aeda1ca3d46e3975492db48a1c5c1","2204"
"6954","TWD","160","費用","錯誤","20260427","常皮","","","","","","76d7b8cd54aa42be995b0d6bb97ce4aa","2201"
"6952","TWD","194","代墊","代墊","20260427","","台新銀行","弟吃一半牛舌跟牛奶豆漿","","","","9dac4d662bb540688aa2ac73b961df38","2154"
"6951","TWD","1000","轉帳","一般轉帳","20260427","台新銀行","常皮","","","","","8ef2b3a3c0e646ef94cc767babf0c64e","2146"
"6950","TWD","960","餐飲食品","晚餐","20260427","台新信用卡","","​燒肉LIKE (新竹巨城店) \n 牛五花 & 橫膈膜套餐 200g 1 $620 \n - 白飯 350g 1 - \n - 韓式泡菜 1 - \n - 每日湯品 1 - \n 檸檬洋蔥醬厚切牛舌 100g 1 $340","","","","32559d3f96544e0caf17e83079a1d0b0","2144"
"6949","TWD","48","餐飲食品","飲料","20260427","台新信用卡","","牛奶豆漿x2，分弟一瓶","","","","2a74d5fba38a488da32282b941bd6a88","2143"
"6948","TWD","209","餐飲食品","午餐","20260427","常皮","","來來越式料理：海鮮河粉","","","","277e76ff0db44f53aeef870fc30a4aa1","1252"
"6959","TWD","450","服飾美容","剪髮理容","20260428","常皮","","剪加洗","","","東南理髮店","9c632318cb504dbe91d32aec2ce58438","1225"
"6957","TWD","174","餐飲食品","午餐","20260428","常皮","","すき家:秋葵牛丼中碗","","","","90391656f5de455b9377f8655bda4f8d","1239"
"6956","TWD","49","餐飲食品","飲料","20260428","台新信用卡","","AB無加糖優酪乳PE517ml","","","","1a5002f7db1841ef94ccc09a1232d33d","857"
"6958","TWD","169","餐飲食品","午餐","20260429","常皮","","紅醬海鮮燉飯","","","","d6d620f969c2469db721e63656c5cf06","1753"
"6962","TWD","127","餐飲食品","晚餐","20260430","台新信用卡","","好多菜三明治，黃金地瓜菜菜捲，兩個都是打七折 \n AB無加糖優酪乳517cc","","","","59e7c87b569a4deaac4963f0d3d7361d","1751"
"6961","TWD","85","費用","帳目整理","20260430","常皮","","","","","","7c1dd44feccf498ca01a4063bb32c52b","1619"
"6960","TWD","250","餐飲食品","午餐","20260430","常皮","","肉絲炒飯，滷味大","","","","aff89824e1a14eec81e1717f936de924","1251"
"6963","TWD","1084","醫療保健","醫療器材","20260501","台新信用卡","","美締醫用輔助襪（第一級）","","","","25d472205dad448199b9c0a476c2739b","1624"
"6966","TWD","49","餐飲食品","飲料","20260502","台新信用卡","","LP33無加糖優酪乳PE517ml","","","","e1456547ab2a4bf3ad34c673ed7e6d3c","2117"
"6965","TWD","175","餐飲食品","午餐","20260502","常皮","","阿木麵食館、蔬食：麻辣鍋豆腐拉麵小辣，跟我朋友分炒斤餅加蛋，炒蘿蔔糕加蛋","","","","b0631750a8a1439da52ab0ec9b5e33fa","2116"
"6964","TWD","230","餐飲食品","點心零嘴","20260502","常皮","","艾比兒甜點：伯爵茶布丁，杜拜巧克力，在新竹公園的椪柑市集買的","","","","d5a207878a2845f18416bf66b03e3ac9","2115"
"6967","TWD","69","餐飲食品","午餐","20260503","常皮","","紐澳良烤雞三明治，光泉濃豆漿","","","","2cbd54bbd97049b2a68dcfee4e4a7ccd","1029"
"6976","TWD","95969","一般收入","公司薪資","20260504","","玉山活存","","","","","6baa5a2e4bae4725a442a447bcae79df","2153"
"6968","TWD","64","休閒娛樂","電玩","20260504","台新信用卡","","deviant art訂閱","","","","610eccc9173e4343ba6bb50bfb718187","2132"
"6972","TWD","3000","轉帳","一般轉帳","20260505","台新銀行","常皮","","","","","a75b73a637574cf2a476d1fcd726e6e4","1926"
"6971","TWD","530","餐飲食品","晚餐","20260505","常皮","","​慶咖哩 \n 品項 數量 金額 \n 牛肋條咖哩 \n (二辛， 加起司) 1 $380 \n *單點***廣島牡蠣 1 $150","","","","2e7ffe2840fc42a19157362ec9e15927","1825"
"6970","TWD","399","一般收入","錯誤","20260505","","常皮","","","","","f6d0eeccefdb4ea09ece1f0b44378b52","1305"
"6969","TWD","130","餐飲食品","午餐","20260505","常皮","","101池上便當：雞腿便當","","","","89963ba3c2a443b0962f3e09068c2680","1303"
"6975","TWD","1000","人情交際","孝養父母","20260506","常皮","","5/5糖朝晚餐50%1630扣給我現金1000 \n 品名 數量 金額，共2964+10% \n 2026母親節雙人套餐 1 $1780 \n - 黃金泡菜 1 $0 \n - 金牌脆皮雞(半隻) 1 $0 \n - 滑蛋牛肉 1 $0 \n - 櫻花蝦高麗菜 1 $0 \n - 雙色蒸燒賣 1 $0 \n - 脆皮海皇腸粉 1 $0 \n - 港式檸檬凍飲 (餐前) 1 $0 \n - 絲襪奶茶(冰) (餐前) 1 $0 \n 蔥花鬼馬腸粉 1 $128 \n 鮮蝦滑腸粉 1 $168 \n 櫻蝦臘味蘿蔔糕(3入) 1 $118 \n 水晶瑤柱炒飯 1 $350 \n 香菜龍虎魚片湯 1 $420","","","","b3591d80d3b14a748c148c8843bca331","2153"
"6974","TWD","16618","人情交際","孝養父母","20260506","玉山活存","","13，000+股息420−鴨肉飯90元+皿富器食1649+4/22小籠包50蛋餅35=85−愛買烤蔬菜跟優酪乳176元+冷氣滤網1100+5/5唐朝晚餐50%1630扣給我現金1000=16618","","","","9b8c6f0d0bda49848a3017ccfd794c0f","2151"
"6973","TWD","225","餐飲食品","午餐","20260506","常皮","","嬤佬麻婆豆腐（疑似雙醬咖哩中央店），牛肉麻婆豆腐","","","","a5c8a85dd8cf4620af1e42de1b499a20","1216"
"6990","TWD","102","餐飲食品","晚餐","20260507","台新信用卡","","即期沙拉，高鈣豆漿（甜），高纖豆漿","","","","ef45ac7f83db4478b0651f7a9d177792","1501"
"6977","TWD","180","餐飲食品","午餐","20260507","常皮","","三十米路：腸蚵麵線，燙花椰菜","","","","9ce3138094714487a08884d03f13c496","1307"
"6978","TWD","140","餐飲食品","午餐","20260508","常皮","","燒肉法國麵包","","","","d83358ed2d4f4bef96d0ed4bc25dc556","1609"
"6982","TWD","537","代墊","代墊","20260509","","常皮","護理師把他的部分的錢給我","","","","1fcb2e88014f422bab6999b5d36ab232","1854"
"6981","TWD","957","餐飲食品","午餐","20260509","台新信用卡","","跟之前在日本旅遊團認識的護理師一起吃午餐 \n 銀座杏子日式豬排 京站店，有收10%的服務費 \n 品項 數量 金額 \n 白帶魚熟成里肌豬排 \n - 越光白米飯 \n - 干貝味噌湯 (+30) 1 $450 \n 白帶魚熟成里肌豬排 \n - 16穀米 \n - 味噌湯 1 $420","","","","49ba42971f954f338461302c3726bafe","1850"
"6980","TWD","16","運輸交通","捷運","20260509","愛心卡","","","","","","4361768d61c24ae588f45090b6ae0b4b","1850"
"6979","TWD","280","運輸交通","高鐵","20260509","台新信用卡","","","","","","92e52b034bb74440bc74c2511bd2a8fe","1849"
"6986","TWD","550","費用","代墊","20260510","台新信用卡","","幫媽代墊竹光杏仁茶減糖10包","","","","3bb6f39f14644e8e806b3a5c0f069ac0","1747"
"6984","TWD","260","帳目整理","帳目整理","20260511","","常皮","","","","","509301f197b34c83b2a6df31557a5705","1602"
"6983","TWD","190","餐飲食品","午餐","20260511","常皮","","波奇波奇：自選夏威夷飯（雞肉，糙米生菜各半，鳳梨，番茄，黃瓜，毛豆，甜椒，黎麥，紫高麗菜，海藻沙拉 \n ，南瓜子）","","","","3ca1fef13e2b4d3b8f585e77e6626d1e","1601"
"6985","TWD","110","餐飲食品","午餐","20260512","常皮","","畚箕湖阿里山便當：炸鱈魚便當","","","","1ad88b1ee667487fbd3c2889680a57fe","1305"
"6989","TWD","50000","理財投資","股票","20260513","玉山活存","","006208+VOO國泰定期定額40000，先轉預備金","","","","86859a69bc9e4bb291188e289e3fa496","1457"
"6988","TWD","190","餐飲食品","午餐","20260513","常皮","","盈竹小吃：骨仔肉湯，空心菜，跟某一家排骨飯便當","","","","f82ed4144de742b291ed86d6af190fb5","1212"
"6987","TWD","276","費用","代墊","20260513","台新信用卡","","幫爸買充電頭跟線","","","","0b057baa529a4229ba93671a93c265ca","1114"
"6994","TWD","160","餐飲食品","午餐","20260514","常皮","","大無敵烤肉飯：烤雞軟骨加燒肉便當","","","","a6450bd368324618ade5d3096b358062","2107"
"6993","TWD","100","帳目整理","帳目整理","20260514","","常皮","","","","","d7bdae7d126e4e72b1201be62c6b35d9","1256"
"6992","TWD","88","一般收入","公司薪資","20260514","","常皮","補0.04加班費的差距","","","","03f0c70008904ea7b8ad393cb4d2b95f","1255"
"6991","TWD","179","餐飲食品","午餐","20260514","常皮","","來來越式料理：紅燒豬肉飯","","","","a43102a691904ff3b769ab81b0ebbe8c","1255"
"6996","TWD","4","費用","錯誤","20260515","常皮","","","","","","b9df8d455194418fa3517cdca9b9d06f","1613"
"6995","TWD","150","餐飲食品","午餐","20260515","常皮","","禾米豐原便當：蒜泥白肉便當","","","","07aa906f93e44d8e9fbd4605b2eadd31","1246"
"6999","TWD","195","運輸交通","高鐵","20260516","台新信用卡","","","","","","67db6f0a65b7492b93a6aee7e5ef6f86","1951"
"6998","TWD","100","餐飲食品","午餐","20260516","常皮","","口湖123麵食飲料館：肉羹飯加蛤蜊湯，多的給彥碩","","","","72edbf37eeba4d09bff22974515cb9ff","1949"
"6997","TWD","15","餐飲食品","飲料","20260516","台新信用卡","","711厚奶拿鐵補差額（中鋼50元禮卷","","","","d720b40a67144c72a19cee7cf57a8064","1037"
"7001","TWD","324","帳目整理","帳目整理","20260518","","常皮","","","","","b40eae2e0461447da0d34fa7806d43a0","1333"
"7000","TWD","263","餐飲食品","午餐","20260518","常皮","","大無敵烤肉飯：烤雞排飯，加30元燒肉跟飲料湯（goodpanda外送貴）","","","","a658a9b3c437438d82b7bb1ce3676278","1328"
